feature,importance
text_len,33.121662581474055
platform,31.912486465494233
sentiment,10.929214589228541
primary_theme,10.386511313693928
main_emotion,9.050674689948641
language,4.599450360160541
